{"mean":{"confidence_interval":{"confidence_level":0.95,"lower_bound":2161030237.667,"upper_bound":2184780030.3182497},"point_estimate":2172243155.96,"standard_error":6059345.357341731},"median":{"confidence_interval":{"confidence_level":0.95,"lower_bound":2144562291.0,"upper_bound":2164425270.5},"point_estimate":2152971604.0,"standard_error":5071754.11141562},"median_abs_dev":{"confidence_interval":{"confidence_level":0.95,"lower_bound":27973881.628364325,"upper_bound":51683713.06993067},"point_estimate":39046772.19428122,"standard_error":5622837.49868795},"slope":null,"std_dev":{"confidence_interval":{"confidence_level":0.95,"lower_bound":43646364.952719085,"upper_bound":77339538.4158278},"point_estimate":61013047.92828148,"standard_error":8691476.53852556}}