{"mean":{"confidence_interval":{"confidence_level":0.95,"lower_bound":1478181088.4395,"upper_bound":1501160303.02},"point_estimate":1488346945.1,"standard_error":5899789.520901681},"median":{"confidence_interval":{"confidence_level":0.95,"lower_bound":1467096291.5,"upper_bound":1475013541.5},"point_estimate":1470170104.0,"standard_error":2031884.4509763634},"median_abs_dev":{"confidence_interval":{"confidence_level":0.95,"lower_bound":13498548.661252856,"upper_bound":24064944.52856183},"point_estimate":17272104.36835885,"standard_error":2687140.0339189563},"slope":null,"std_dev":{"confidence_interval":{"confidence_level":0.95,"lower_bound":31092120.587703004,"upper_bound":87075578.87945212},"point_estimate":59080796.584776685,"standard_error":15852017.009341922}}