{"mean":{"confidence_interval":{"confidence_level":0.95,"lower_bound":3094213564.27,"upper_bound":3143222663.45},"point_estimate":3117235760.09,"standard_error":12493897.432392055},"median":{"confidence_interval":{"confidence_level":0.95,"lower_bound":3064822854.0,"upper_bound":3101648083.0},"point_estimate":3073453104.0,"standard_error":8631788.350750642},"median_abs_dev":{"confidence_interval":{"confidence_level":0.95,"lower_bound":51509386.592865594,"upper_bound":90820954.99720573},"point_estimate":68386467.9137975,"standard_error":9969840.052795485},"slope":null,"std_dev":{"confidence_interval":{"confidence_level":0.95,"lower_bound":88235093.34283207,"upper_bound":158552128.8167979},"point_estimate":124599563.22030263,"standard_error":18073402.58028731}}