{"mean":{"confidence_interval":{"confidence_level":0.95,"lower_bound":3718980504.24,"upper_bound":3745556437.21625},"point_estimate":3731551510.88,"standard_error":6796352.902500754},"median":{"confidence_interval":{"confidence_level":0.95,"lower_bound":3696688208.0,"upper_bound":3714771687.0},"point_estimate":3703676145.5,"standard_error":4788617.45640633},"median_abs_dev":{"confidence_interval":{"confidence_level":0.95,"lower_bound":20537314.350789785,"upper_bound":44533472.91227281},"point_estimate":28267158.43565762,"standard_error":6259818.9805925805},"slope":null,"std_dev":{"confidence_interval":{"confidence_level":0.95,"lower_bound":50238796.00814315,"upper_bound":84146775.45765145},"point_estimate":68327349.13931695,"standard_error":8720986.90906129}}