{"mean":{"confidence_interval":{"confidence_level":0.95,"lower_bound":6564268282.3145,"upper_bound":6603044338.43},"point_estimate":6583237078.03,"standard_error":9953288.926208762},"median":{"confidence_interval":{"confidence_level":0.95,"lower_bound":6536925125.0,"upper_bound":6592949145.5},"point_estimate":6554244020.5,"standard_error":13805149.27650981},"median_abs_dev":{"confidence_interval":{"confidence_level":0.95,"lower_bound":74223958.45726132,"upper_bound":119491658.613199},"point_estimate":96431761.935094,"standard_error":11792625.768617641},"slope":null,"std_dev":{"confidence_interval":{"confidence_level":0.95,"lower_bound":83273876.93290153,"upper_bound":115210405.21530725},"point_estimate":100059313.14369285,"standard_error":8195756.464476712}}