{"mean":{"confidence_interval":{"confidence_level":0.95,"lower_bound":61527.33300890495,"upper_bound":61972.67754936186},"point_estimate":61749.95144683583,"standard_error":113.47941354585977},"median":{"confidence_interval":{"confidence_level":0.95,"lower_bound":61162.61201501415,"upper_bound":61522.82300526761},"point_estimate":61270.08715404152,"standard_error":92.54448256279389}}