{"mean":{"confidence_interval":{"confidence_level":0.95,"lower_bound":6378.470699998363,"upper_bound":7350.28698193789},"point_estimate":6898.893941230621,"standard_error":249.608439243535},"median":{"confidence_interval":{"confidence_level":0.95,"lower_bound":6743.2121399514435,"upper_bound":7638.889010758896},"point_estimate":7152.726199760015,"standard_error":225.42762148002168}}