{"mean":{"confidence_interval":{"confidence_level":0.95,"lower_bound":4.097678731971183,"upper_bound":4.209379408598521},"point_estimate":4.156516756826083,"standard_error":0.028217382201379676},"median":{"confidence_interval":{"confidence_level":0.95,"lower_bound":4.105084574904003,"upper_bound":4.163401747323013},"point_estimate":4.127836159819675,"standard_error":0.014098066480081035}}