{"mean":{"confidence_interval":{"confidence_level":0.95,"lower_bound":12248314237.689749,"upper_bound":12310651435.413752},"point_estimate":12278034547.98,"standard_error":15932445.008076826},"median":{"confidence_interval":{"confidence_level":0.95,"lower_bound":12222504541.0,"upper_bound":12284734750.0},"point_estimate":12250637208.0,"standard_error":15366542.53362336},"median_abs_dev":{"confidence_interval":{"confidence_level":0.95,"lower_bound":88301276.34193897,"upper_bound":149093589.20305967},"point_estimate":113677457.4914217,"standard_error":14660833.514943905},"slope":null,"std_dev":{"confidence_interval":{"confidence_level":0.95,"lower_bound":117492595.82647109,"upper_bound":202987644.0623489},"point_estimate":160349287.41064382,"standard_error":22178739.10804439}}