{"mean":{"confidence_interval":{"confidence_level":0.95,"lower_bound":490606260.9045,"upper_bound":505913531.25},"point_estimate":497052793.81,"standard_error":3983967.944117001},"median":{"confidence_interval":{"confidence_level":0.95,"lower_bound":484937916.0,"upper_bound":487827416.0},"point_estimate":486073333.0,"standard_error":719703.232678457},"median_abs_dev":{"confidence_interval":{"confidence_level":0.95,"lower_bound":3196790.7549881195,"upper_bound":7449385.095646977},"point_estimate":4814589.224123955,"standard_error":1004983.7032892596},"slope":null,"std_dev":{"confidence_interval":{"confidence_level":0.95,"lower_bound":13355409.104708321,"upper_bound":63451565.4137785},"point_estimate":40327403.69212426,"standard_error":14194194.935303532}}