{"mean":{"confidence_interval":{"confidence_level":0.95,"lower_bound":-0.7117565226365831,"upper_bound":-0.7079838138727895},"point_estimate":-0.7100531592085233,"standard_error":0.0009440500975379757},"median":{"confidence_interval":{"confidence_level":0.95,"lower_bound":-0.7098662517073339,"upper_bound":-0.7087555307301244},"point_estimate":-0.7091923325655031,"standard_error":0.0002924690951338397}}