{"mean":{"confidence_interval":{"confidence_level":0.95,"lower_bound":1245687294.65,"upper_bound":1257658709.65},"point_estimate":1251164772.14,"standard_error":3064466.6455008667},"median":{"confidence_interval":{"confidence_level":0.95,"lower_bound":1239136083.0,"upper_bound":1243679458.0},"point_estimate":1241909624.5,"standard_error":1032782.6936303758},"median_abs_dev":{"confidence_interval":{"confidence_level":0.95,"lower_bound":8147184.450243563,"upper_bound":15712872.50854075},"point_estimate":11239373.940861225,"standard_error":1801613.378318034},"slope":null,"std_dev":{"confidence_interval":{"confidence_level":0.95,"lower_bound":18970985.094501745,"upper_bound":42711072.306912065},"point_estimate":30771647.62669459,"standard_error":6310653.488717598}}